{"cameraMode":{"drawMode":0,"name":"Shaded","section":"Shading Mode"},"sceneLighting":false,"audioPlay":false,"sceneViewState":{"m_AlwaysRefresh":false,"showFog":true,"showSkybox":false,"showFlares":true,"showImageEffects":true,"showParticleSystems":true,"showVisualEffectGraphs":true,"m_FxEnabled":true},"in2DMode":false,"pivot":{"x":-0.7314739227294922,"y":1.3591394424438477,"z":-0.3499131202697754},"rotation":{"x":0.03180435299873352,"y":-0.001504462561570108,"z":0.00009099227463593706,"w":0.9995112419128418},"size":10.790749549865723,"orthographic":false}