{"cameraMode":{"drawMode":0,"name":"Shaded","section":"Shading Mode"},"sceneLighting":true,"audioPlay":false,"sceneViewState":{"m_AlwaysRefresh":false,"showFog":true,"showSkybox":true,"showFlares":true,"showImageEffects":true,"showParticleSystems":true,"showVisualEffectGraphs":true,"m_FxEnabled":true},"in2DMode":false,"pivot":{"x":80.74658203125,"y":6.5647125244140629,"z":33.071414947509769},"rotation":{"x":0.028739314526319505,"y":0.4293409585952759,"z":-0.013622671365737915,"w":0.9026023745536804},"size":57.181068420410159,"orthographic":false}